SITE_ID,General classification,State,Data source/network,Period of record,Energy balance,Latitude,Longitude,Elevation (m),Land cover details,Land cover type,Measurement technique,Contact for sites not downloaded from AmeriFlux network,Contact email,DOI,Team member,Member role,Member institution,Member email,Site name
US-Blk,Evergreen Forests,SD,AmeriFlux,01/2004-04/2008,0.93569239651667,44.158,-103.65,1718.0,Ponderosa pine,Evergreen Forests,Eddy covariance,,,10.17190/AMF/1246031,Tilden Meyers,PI,NOAA/ARL,Tilden.Meyers@noaa.gov,Black Hills
US-Fmf,Evergreen Forests,AZ,AmeriFlux,08/2005-12/2010,0.829914329078285,35.1426,-111.7273,2160.0,Ponderosa pine forest,Evergreen Forests,Eddy covariance,,,10.17190/AMF/1246050,Sabina Dore,PI,Northern Arizona University,Sabina.Dore@nau.edu,Flagstaff - Managed Forest
US-GLE,Evergreen Forests,WY,AmeriFlux,01/1999-03/2018,0.733146510191273,41.36653,-106.2399,3197.0,85% Engelmann spruce 15% Subalpine fir,Evergreen Forests,Eddy covariance,,,10.17190/AMF/1246056,Bill Massman,PI,USDA Forest Service,wmassman@fs.fed.us,GLEES
US-xYE,Evergreen Forests,WY,AmeriFlux,01/2018-05/2020,0.612234462302015,44.95348,-110.53914,2116.0,Pine-dominated forest mixed with open swaths of sage and grass,Evergreen Forests,Eddy covariance,,,10.17190/AMF/1617743,Cove Sturtevant,PI,NEON,csturtevant@battelleecology.org,NEON Yellowstone Northern Range (Frog Rock) (YELL)
US-NR1,Evergreen Forests,CO,AmeriFlux,06/1999-12/2019,0.811365448045763,40.0329,-105.5464,3050.0,"Subalpine fir, Engelmann spruce, and lodgepole pine",Evergreen Forests,Eddy covariance,,,10.17190/AMF/1246088,Peter Blanken,PI,University of Colorado,Blanken@Colorado.EDU,Niwot Ridge Forest (LTER NWT1)
US-xRM,Evergreen Forests,CO,AmeriFlux,06/2017-05/2020,0.651015730073435,40.2759099999999,-105.54592,2743.0,"Ponderosa pine, open canopy",Evergreen Forests,Eddy covariance,,,10.17190/AMF/1579723,Cove Sturtevant,PI,NEON,csturtevant@battelleecology.org,"NEON Rocky Mountain National Park, CASTNET (RMNP)"
US-Fuf,Evergreen Forests,AZ,AmeriFlux,09/2005-12/2010,0.964835975290963,35.089,-111.762,2180.0,"Ponderosa pine forest, non-disturbed",Evergreen Forests,Eddy covariance,,,10.17190/AMF/1246051,Sabina Dore,PI,Northern Arizona University,Sabina.Dore@nau.edu,Flagstaff - Unmanaged Forest
US-Me5,Evergreen Forests,OR,AmeriFlux,01/2000-12/2002,0.763526058866985,44.43719,-121.56676,1188.0,"Ponderosa pine forest, clearcut in 1978",Evergreen Forests,Eddy covariance,,,10.17190/AMF/1246079,Bev Law,PI,Oregon State University,bev.law@oregonstate.edu,Metolius-first young aged pine
